1	1	1	1	1	2019-09-27 00:43:45	10.00	ibfdakqkrggterqprnnlkmt
2	1	1	1	1	2019-09-27 00:43:45	10.00	hwyzkniykmgwelighnvwdm
3	1	1	1	1	2019-09-27 00:43:45	10.00	ozycyyjss
1	1	2	1	2	2019-09-27 00:43:45	10.00	noraphtvd
4	1	1	1	1	2019-09-27 00:43:45	10.00	kvjklikhdttqflgwgbj
2	1	2	1	2	2019-09-27 00:43:45	10.00	quvztpypruffimygmthzpgj
5	1	1	1	1	2019-09-27 00:43:45	10.00	mjbvpgmnqhoxyqeczjn
3	1	2	1	2	2019-09-27 00:43:45	10.00	yodagccjngayt
6	1	1	1	1	2019-09-27 00:43:45	10.00	yrvtcdgznueyjpubvhbnxxy
4	1	2	1	2	2019-09-27 00:43:45	10.00	hcguhbgcisddhwjqpzqtvih
7	1	1	1	1	2019-09-27 00:43:45	10.00	hpfhhktiuxitahomvmtb
5	1	2	1	2	2019-09-27 00:43:45	10.00	qrsbjlfqxfbmpkhhqwqlw
8	1	1	1	1	2019-09-27 00:43:45	10.00	rrufxuyuq
6	1	2	1	2	2019-09-27 00:43:45	10.00	cepgozeylbzqefgbzeerat
9	1	1	1	1	2019-09-27 00:43:45	10.00	vvwqxpnbsujfi
7	1	2	1	2	2019-09-27 00:43:45	10.00	gvexhearqttrxyibxseejib
10	1	1	1	1	2019-09-27 00:43:45	10.00	uguqtzxjwequbiaw
8	1	2	1	2	2019-09-27 00:43:45	10.00	ovcbbjqbvzifhsiv
11	1	1	1	1	2019-09-27 00:43:45	10.00	vgzegktomclf
9	1	2	1	2	2019-09-27 00:43:45	10.00	ykyvdkhcwuadrajpzq
10	1	2	1	2	2019-09-27 00:43:45	10.00	oxvpclnfqddccx
12	1	1	1	1	2019-09-27 00:43:45	10.00	icizzlfhljjhntggq
13	1	1	1	1	2019-09-27 00:43:45	10.00	dzogbrhhnjhz
11	1	2	1	2	2019-09-27 00:43:45	10.00	joetwwazkztslyg
14	1	1	1	1	2019-09-27 00:43:45	10.00	uldhedcacunfdnkvn
12	1	2	1	2	2019-09-27 00:43:45	10.00	japhzayxhxmdcwnqcntl
15	1	1	1	1	2019-09-27 00:43:45	10.00	edxhudastemyzviqef
13	1	2	1	2	2019-09-27 00:43:45	10.00	awzhhtoyvru
16	1	1	1	1	2019-09-27 00:43:45	10.00	wulnjhfgnqlptknbngznhv
14	1	2	1	2	2019-09-27 00:43:45	10.00	oliqwrwscj
17	1	1	1	1	2019-09-27 00:43:45	10.00	ajslsnbglbxaczjcjg
15	1	2	1	2	2019-09-27 00:43:45	10.00	twqvhmsecixpmshy
18	1	1	1	1	2019-09-27 00:43:45	10.00	zmdaawgcjjl
16	1	2	1	2	2019-09-27 00:43:45	10.00	diheeuhjronurozjtd
19	1	1	1	1	2019-09-27 00:43:45	10.00	dqmmjdwumhsrpid
17	1	2	1	2	2019-09-27 00:43:45	10.00	ziwzjfgbzxtomzxzv
20	1	1	1	1	2019-09-27 00:43:45	10.00	zfnjpumrmsojjvqim
18	1	2	1	2	2019-09-27 00:43:45	10.00	vqiaxleqnjd
19	1	2	1	2	2019-09-27 00:43:45	10.00	avmzapjvuxzecm
21	1	1	1	1	2019-09-27 00:43:45	10.00	okpgcaljcunxbrvvdxs
20	1	2	1	2	2019-09-27 00:43:45	10.00	pzplsffjvuisbcqcpbow
22	1	1	1	1	2019-09-27 00:43:45	10.00	qdvcugozkabnqqsouq
21	1	2	1	2	2019-09-27 00:43:45	10.00	sxrtbeuwkq
23	1	1	1	1	2019-09-27 00:43:45	10.00	ezeewobsnrzaodrzwm
22	1	2	1	2	2019-09-27 00:43:45	10.00	ywtzrsdyqinygwungase
24	1	1	1	1	2019-09-27 00:43:45	10.00	idgnayjtsvjqvvxm
23	1	2	1	2	2019-09-27 00:43:45	10.00	yzsxcrckv
25	1	1	1	1	2019-09-27 00:43:45	10.00	egwzqgobkorxb
24	1	2	1	2	2019-09-27 00:43:45	10.00	lxawryaoltrngglqayu
26	1	1	1	1	2019-09-27 00:43:45	10.00	lzxtigzsrpltga
25	1	2	1	2	2019-09-27 00:43:45	10.00	iabyduqguvtcbwnssto
27	1	1	1	1	2019-09-27 00:43:45	10.00	wohdnuvdwplrviznz
26	1	2	1	2	2019-09-27 00:43:45	10.00	aejmjbhcwql
28	1	1	1	1	2019-09-27 00:43:45	10.00	qbjrhthjculmulbahkigrns
27	1	2	1	2	2019-09-27 00:43:45	10.00	snglcoyyiqzqgmjb
29	1	1	1	1	2019-09-27 00:43:45	10.00	khlvarwda
28	1	2	1	2	2019-09-27 00:43:45	10.00	lnrfwnkwixdsxi
30	1	1	1	1	2019-09-27 00:43:45	10.00	lpzlpwpfzhytyqf
29	1	2	1	2	2019-09-27 00:43:45	10.00	epyazhgcdxjx
1	2	1	2	1	2019-09-27 00:43:45	10.00	sjyxqwkbsijbyf
30	1	2	1	2	2019-09-27 00:43:45	10.00	vuujwykoqtglj
2	2	1	2	1	2019-09-27 00:43:45	10.00	ufjqfwbsgerzdxjevdx
1	2	2	2	2	2019-09-27 00:43:45	10.00	tarhuuedxcgqrfbe
3	2	1	2	1	2019-09-27 00:43:45	10.00	bkmapjhtcstivzmcfzzpy
2	2	2	2	2	2019-09-27 00:43:45	10.00	tfghdpfnxykkopw
4	2	1	2	1	2019-09-27 00:43:45	10.00	nkrlrexrybhfwv
3	2	2	2	2	2019-09-27 00:43:45	10.00	xjmndmskyfntoillhnu
5	2	1	2	1	2019-09-27 00:43:45	10.00	qzrgrondejnxpgb
4	2	2	2	2	2019-09-27 00:43:45	10.00	knkhdbzegut
6	2	1	2	1	2019-09-27 00:43:45	10.00	rpqputnzal
5	2	2	2	2	2019-09-27 00:43:45	10.00	gilxwkuznmomhhjwzlgtgf
7	2	1	2	1	2019-09-27 00:43:45	10.00	rjezaftzlrp
6	2	2	2	2	2019-09-27 00:43:45	10.00	gtpkwcmwxtbvveggar
8	2	1	2	1	2019-09-27 00:43:45	10.00	yqddifwpmivpxoc
7	2	2	2	2	2019-09-27 00:43:45	10.00	ehbpgxjoujfsejhtos
9	2	1	2	1	2019-09-27 00:43:45	10.00	pqrlfuisiclmydqzp
8	2	2	2	2	2019-09-27 00:43:45	10.00	krecadscgaztpcguqoz
10	2	1	2	1	2019-09-27 00:43:45	10.00	hvubofgocfsmses
9	2	2	2	2	2019-09-27 00:43:45	10.00	ssalyebovjtrfgiferjxwq
11	2	1	2	1	2019-09-27 00:43:45	10.00	ivydgclixquwdvgscyw
10	2	2	2	2	2019-09-27 00:43:45	10.00	kddcynutzhnpzradydpr
12	2	1	2	1	2019-09-27 00:43:45	10.00	uwyuoptswqhzlabwgoydoy
11	2	2	2	2	2019-09-27 00:43:45	10.00	iwyxthnohjxf
13	2	1	2	1	2019-09-27 00:43:45	10.00	gwicavtysanrtcmdbfat
12	2	2	2	2	2019-09-27 00:43:45	10.00	cbfcmzwai
14	2	1	2	1	2019-09-27 00:43:45	10.00	dzmmpvvarb
13	2	2	2	2	2019-09-27 00:43:45	10.00	jnttnxxtethy
15	2	1	2	1	2019-09-27 00:43:45	10.00	kfthkhisiwijoq
14	2	2	2	2	2019-09-27 00:43:45	10.00	sdnaezzuarrdo
16	2	1	2	1	2019-09-27 00:43:45	10.00	kjtqqpoemktxemikuzi
17	2	1	2	1	2019-09-27 00:43:45	10.00	mgsogqlmvafgxtcfhx
15	2	2	2	2	2019-09-27 00:43:45	10.00	cqbdqdvpd
18	2	1	2	1	2019-09-27 00:43:45	10.00	favdpzvnknlzqwlrkx
16	2	2	2	2	2019-09-27 00:43:45	10.00	pznecnxdikjmu
19	2	1	2	1	2019-09-27 00:43:45	10.00	egmtmtcjciazjobxxjco
17	2	2	2	2	2019-09-27 00:43:45	10.00	tlfaevlql
20	2	1	2	1	2019-09-27 00:43:45	10.00	qvxoggmarfhmqmfzmdwzcsu
18	2	2	2	2	2019-09-27 00:43:45	10.00	qmoeacxkourvjitheacsmp
21	2	1	2	1	2019-09-27 00:43:45	10.00	spxgpjpgmlcbfijfriofeun
19	2	2	2	2	2019-09-27 00:43:45	10.00	chsgflzwctxhuur
22	2	1	2	1	2019-09-27 00:43:45	10.00	xpglyleaxuquxztlkyimtd
20	2	2	2	2	2019-09-27 00:43:45	10.00	gzmhuhyeu
23	2	1	2	1	2019-09-27 00:43:45	10.00	krizubufahasnbhl
24	2	1	2	1	2019-09-27 00:43:45	10.00	wplcjjyltgkmwsxzwgxgd
21	2	2	2	2	2019-09-27 00:43:45	10.00	lthylipsjxypqzucozoivt
22	2	2	2	2	2019-09-27 00:43:45	10.00	mpstjcyaovismqw
25	2	1	2	1	2019-09-27 00:43:45	10.00	rexfpfthdxezdioxvgb
26	2	1	2	1	2019-09-27 00:43:45	10.00	sjxnicprdlggwq
23	2	2	2	2	2019-09-27 00:43:45	10.00	mpskktprmjzcsbzsnqfwglc
27	2	1	2	1	2019-09-27 00:43:45	10.00	qtcwwpqbyposfiudfckxbrc
24	2	2	2	2	2019-09-27 00:43:45	10.00	ikrhgavqcb
28	2	1	2	1	2019-09-27 00:43:45	10.00	wvajkutiffkrltsesh
29	2	1	2	1	2019-09-27 00:43:45	10.00	wfwcamgbcurpxkcrdlqtvv
25	2	2	2	2	2019-09-27 00:43:45	10.00	xqupqsppzpiotzujvfkpqe
26	2	2	2	2	2019-09-27 00:43:45	10.00	mdfqyliimkryg
30	2	1	2	1	2019-09-27 00:43:45	10.00	inoarnpxhmsutpiwkxnctu
27	2	2	2	2	2019-09-27 00:43:45	10.00	pdlpnymkaikhnj
1	3	1	3	1	2019-09-27 00:43:45	10.00	xvlwezewzn
2	3	1	3	1	2019-09-27 00:43:45	10.00	rhdogniitbmhhrasvwnqjyd
28	2	2	2	2	2019-09-27 00:43:45	10.00	xhducwjzzd
3	3	1	3	1	2019-09-27 00:43:45	10.00	yldlwbambbzzhhswwvpdjn
29	2	2	2	2	2019-09-27 00:43:45	10.00	omqxzrxroiuenhfmqektke
4	3	1	3	1	2019-09-27 00:43:45	10.00	glacpqshbpyzslhcnwzy
30	2	2	2	2	2019-09-27 00:43:45	10.00	dbcyixrloczgtk
5	3	1	3	1	2019-09-27 00:43:45	10.00	ouijjvujzufptmythkt
1	3	2	3	2	2019-09-27 00:43:45	10.00	knzwfrznukqyhlrgsvu
6	3	1	3	1	2019-09-27 00:43:45	10.00	ovteisflbec
2	3	2	3	2	2019-09-27 00:43:45	10.00	ifqotcmvokgm
3	3	2	3	2	2019-09-27 00:43:45	10.00	vntbsxktjwda
7	3	1	3	1	2019-09-27 00:43:45	10.00	cduktdxqpdytddofyx
4	3	2	3	2	2019-09-27 00:43:45	10.00	ueiniwqdpnqtdfnd
8	3	1	3	1	2019-09-27 00:43:45	10.00	ccmxuxwugcleznydq
5	3	2	3	2	2019-09-27 00:43:45	10.00	ymrrkvithyoyxsffwrohd
6	3	2	3	2	2019-09-27 00:43:45	10.00	dzjcgagzc
9	3	1	3	1	2019-09-27 00:43:45	10.00	xeyosdktul
7	3	2	3	2	2019-09-27 00:43:45	10.00	klgvfpbbwujbrnxiyekvok
10	3	1	3	1	2019-09-27 00:43:45	10.00	xcqlhtajetnm
8	3	2	3	2	2019-09-27 00:43:45	10.00	zigldlaaktlpanqr
11	3	1	3	1	2019-09-27 00:43:45	10.00	urmbokyrcmhxvmpdo
12	3	1	3	1	2019-09-27 00:43:45	10.00	wyistdofsnguxatrqar
9	3	2	3	2	2019-09-27 00:43:45	10.00	bsldaviukyiufcagkm
13	3	1	3	1	2019-09-27 00:43:45	10.00	tazapomoz
10	3	2	3	2	2019-09-27 00:43:45	10.00	sjburovfjdbi
14	3	1	3	1	2019-09-27 00:43:45	10.00	qkmkozxwvwohpwhrhipt
11	3	2	3	2	2019-09-27 00:43:45	10.00	rjrfvglsovfnichgivsqfzd
15	3	1	3	1	2019-09-27 00:43:45	10.00	eoqrbjmckdtdla
12	3	2	3	2	2019-09-27 00:43:45	10.00	yzjcpfbknbhuzftde
16	3	1	3	1	2019-09-27 00:43:45	10.00	fszarzacxinsgfriqckf
13	3	2	3	2	2019-09-27 00:43:45	10.00	ogstovswbvkzwuvagh
17	3	1	3	1	2019-09-27 00:43:45	10.00	pvrpobtqocgcyclj
14	3	2	3	2	2019-09-27 00:43:45	10.00	buwrftypctsyysv
18	3	1	3	1	2019-09-27 00:43:45	10.00	fqbgwohfrc
15	3	2	3	2	2019-09-27 00:43:45	10.00	zdzbkdwso
19	3	1	3	1	2019-09-27 00:43:45	10.00	xzvdikdrtbylvgutoegramw
16	3	2	3	2	2019-09-27 00:43:45	10.00	yxwnnrsxtnxofievvtsoubi
20	3	1	3	1	2019-09-27 00:43:45	10.00	szpepiknxcrmgljablz
17	3	2	3	2	2019-09-27 00:43:45	10.00	fvktjkyswqznjkzrc
21	3	1	3	1	2019-09-27 00:43:45	10.00	lzavcjyiihejsubshgju
18	3	2	3	2	2019-09-27 00:43:45	10.00	oxqhpvklvqnfhfjugw
22	3	1	3	1	2019-09-27 00:43:45	10.00	nhjxenvudowonazgv
19	3	2	3	2	2019-09-27 00:43:45	10.00	cucfpogjcnrvkduaycxj
23	3	1	3	1	2019-09-27 00:43:45	10.00	raokdnnilbwvwyvb
20	3	2	3	2	2019-09-27 00:43:45	10.00	jvvgjwrwbgxawuacmkb
24	3	1	3	1	2019-09-27 00:43:45	10.00	tytkeijegscrymr
21	3	2	3	2	2019-09-27 00:43:45	10.00	mskxiehogluhrxxardedm
25	3	1	3	1	2019-09-27 00:43:45	10.00	dqzwvlzbzjmaemvhxzgxq
22	3	2	3	2	2019-09-27 00:43:45	10.00	roukbkdybygspp
26	3	1	3	1	2019-09-27 00:43:45	10.00	mmvmggwlqkafrsazxnt
23	3	2	3	2	2019-09-27 00:43:45	10.00	djxbrowltfowvsrjsrcgg
27	3	1	3	1	2019-09-27 00:43:45	10.00	xyzrqapdpolkottpovcfm
24	3	2	3	2	2019-09-27 00:43:45	10.00	rqdrmiztq
28	3	1	3	1	2019-09-27 00:43:45	10.00	fjbtescbupqczblpeimq
25	3	2	3	2	2019-09-27 00:43:45	10.00	oqttjonjpnnavtv
29	3	1	3	1	2019-09-27 00:43:45	10.00	ypyqdjqeekcmeif
26	3	2	3	2	2019-09-27 00:43:45	10.00	ihhvcoemyqz
30	3	1	3	1	2019-09-27 00:43:45	10.00	bbtzsqejfwtxtevku
27	3	2	3	2	2019-09-27 00:43:45	10.00	pkytvyholafcegqrtvklo
1	4	1	4	1	2019-09-27 00:43:45	10.00	oyiyhsqzilbfkjyewhjm
28	3	2	3	2	2019-09-27 00:43:45	10.00	trtrbuldtvbcohzbd
2	4	1	4	1	2019-09-27 00:43:45	10.00	rtjfvocscabzryhtx
29	3	2	3	2	2019-09-27 00:43:45	10.00	xufylblrcdnurqsaivuhuc
3	4	1	4	1	2019-09-27 00:43:45	10.00	ytegsekeydridz
30	3	2	3	2	2019-09-27 00:43:45	10.00	qokvqbqogzyxrvoxsjdvx
4	4	1	4	1	2019-09-27 00:43:45	10.00	otlinepbnsjlqrhwhvi
5	4	1	4	1	2019-09-27 00:43:45	10.00	gljyeoidsqomrqwlznlddk
1	4	2	4	2	2019-09-27 00:43:45	10.00	kmcjmfvsnmnomks
6	4	1	4	1	2019-09-27 00:43:45	10.00	jtqicwogbtumohrciwtyku
2	4	2	4	2	2019-09-27 00:43:45	10.00	jrrpuuzgxip
7	4	1	4	1	2019-09-27 00:43:45	10.00	pwfysfryi
3	4	2	4	2	2019-09-27 00:43:45	10.00	sveexpgrqteyz
8	4	1	4	1	2019-09-27 00:43:45	10.00	xepttsvkvzm
4	4	2	4	2	2019-09-27 00:43:45	10.00	niwipolnr
9	4	1	4	1	2019-09-27 00:43:45	10.00	xaztrqbdvdhnewplge
5	4	2	4	2	2019-09-27 00:43:45	10.00	bqzbsidqwdyxrrbbnm
10	4	1	4	1	2019-09-27 00:43:45	10.00	cdwpggtnojwxhpapy
6	4	2	4	2	2019-09-27 00:43:45	10.00	ipvddomzjdl
11	4	1	4	1	2019-09-27 00:43:45	10.00	dlxkwnxvmcfaqyutvkm
7	4	2	4	2	2019-09-27 00:43:45	10.00	vlimugpyemmhhotvc
12	4	1	4	1	2019-09-27 00:43:45	10.00	qtfdswasijffbg
8	4	2	4	2	2019-09-27 00:43:45	10.00	fyzzpiosbldldnv
9	4	2	4	2	2019-09-27 00:43:45	10.00	nlewyugjqrycpfbbzicyjfr
13	4	1	4	1	2019-09-27 00:43:45	10.00	oxdlmzwokjgkyzwy
10	4	2	4	2	2019-09-27 00:43:45	10.00	ncrlsqfyiqgxdz
14	4	1	4	1	2019-09-27 00:43:45	10.00	sdkruotijuh
15	4	1	4	1	2019-09-27 00:43:45	10.00	nvjedgjjlodu
11	4	2	4	2	2019-09-27 00:43:45	10.00	dxkvozogxauowisynism
16	4	1	4	1	2019-09-27 00:43:45	10.00	jfxdkrjlpsqyweypdzcppc
12	4	2	4	2	2019-09-27 00:43:45	10.00	zspxnelxqwzppmxuzw
17	4	1	4	1	2019-09-27 00:43:45	10.00	psdqlzfaecidldjvwvrsngw
13	4	2	4	2	2019-09-27 00:43:45	10.00	uqeofarbeo
18	4	1	4	1	2019-09-27 00:43:45	10.00	fhovsxpgvxztcvpkn
14	4	2	4	2	2019-09-27 00:43:45	10.00	fqjxualkzvupriecxyplpy
19	4	1	4	1	2019-09-27 00:43:45	10.00	hwxyifpcxbab
15	4	2	4	2	2019-09-27 00:43:45	10.00	eizoifdvuefcjwhiny
20	4	1	4	1	2019-09-27 00:43:45	10.00	rycbbxpdqkthwjsxkkptgjy
16	4	2	4	2	2019-09-27 00:43:45	10.00	nspqssjactbsmjtewa
21	4	1	4	1	2019-09-27 00:43:45	10.00	pmcijacezwkshp
22	4	1	4	1	2019-09-27 00:43:45	10.00	ymfwgaoicr
17	4	2	4	2	2019-09-27 00:43:45	10.00	abhjyfaldzyroptiedn
23	4	1	4	1	2019-09-27 00:43:45	10.00	tiekuagfbrt
18	4	2	4	2	2019-09-27 00:43:45	10.00	chzbzwnfjwzv
24	4	1	4	1	2019-09-27 00:43:45	10.00	xecmewhwcid
19	4	2	4	2	2019-09-27 00:43:45	10.00	anibynadqymjm
25	4	1	4	1	2019-09-27 00:43:45	10.00	wfxngdhnxivsrtgnygcvm
20	4	2	4	2	2019-09-27 00:43:45	10.00	cqjpwexsvzibwtsopawaeqz
26	4	1	4	1	2019-09-27 00:43:45	10.00	trdnwywmpwdihhhjowofju
21	4	2	4	2	2019-09-27 00:43:45	10.00	cuvhbcefzlublafmgq
27	4	1	4	1	2019-09-27 00:43:45	10.00	lrnalwcqbf
28	4	1	4	1	2019-09-27 00:43:45	10.00	alxuvfphcgyjcnakd
22	4	2	4	2	2019-09-27 00:43:45	10.00	cddwiybce
29	4	1	4	1	2019-09-27 00:43:45	10.00	tudyslnbfmeby
23	4	2	4	2	2019-09-27 00:43:45	10.00	hkygvryixiecddv
30	4	1	4	1	2019-09-27 00:43:45	10.00	evoehngllrjhvu
24	4	2	4	2	2019-09-27 00:43:45	10.00	wmmumskhypnspkz
1	5	1	5	1	2019-09-27 00:43:45	10.00	xlbmpnbucxskcayyhr
25	4	2	4	2	2019-09-27 00:43:45	10.00	zrxrvezhjeoyejnqpktml
2	5	1	5	1	2019-09-27 00:43:45	10.00	voxohxofrjilhnqejtemx
26	4	2	4	2	2019-09-27 00:43:45	10.00	bmgstuekeoron
3	5	1	5	1	2019-09-27 00:43:45	10.00	yykiyrrfd
27	4	2	4	2	2019-09-27 00:43:45	10.00	mlewqzrwreucuxhyygoivio
4	5	1	5	1	2019-09-27 00:43:45	10.00	qttzykozfjavytahuinwavf
5	5	1	5	1	2019-09-27 00:43:45	10.00	othcsclyezzcnxtqvzdow
28	4	2	4	2	2019-09-27 00:43:45	10.00	xpwxavoooslig
6	5	1	5	1	2019-09-27 00:43:45	10.00	qoeietbhzuwinae
29	4	2	4	2	2019-09-27 00:43:45	10.00	syijxjldujzec
30	4	2	4	2	2019-09-27 00:43:45	10.00	ieiebwexbvacwsk
7	5	1	5	1	2019-09-27 00:43:45	10.00	ndkrgxoxisfupgkjz
8	5	1	5	1	2019-09-27 00:43:45	10.00	cxrwimuoaptflcbfcl
1	5	2	5	2	2019-09-27 00:43:45	10.00	ibmsfzhhrw
9	5	1	5	1	2019-09-27 00:43:45	10.00	prevyaexfjvuovwx
2	5	2	5	2	2019-09-27 00:43:45	10.00	zyddwdoaueusxqwlj
10	5	1	5	1	2019-09-27 00:43:45	10.00	gqrnrznvbuhlka
3	5	2	5	2	2019-09-27 00:43:45	10.00	srlrpdtsjgn
4	5	2	5	2	2019-09-27 00:43:45	10.00	jjdfxuaskrrtgiz
11	5	1	5	1	2019-09-27 00:43:45	10.00	mlsicsuapntnnyffqgy
5	5	2	5	2	2019-09-27 00:43:45	10.00	efpplgoxi
12	5	1	5	1	2019-09-27 00:43:45	10.00	leacyurxaqxtfn
6	5	2	5	2	2019-09-27 00:43:45	10.00	ffwipilolddrsil
13	5	1	5	1	2019-09-27 00:43:45	10.00	zlnhwtnjqfrbpimrw
7	5	2	5	2	2019-09-27 00:43:45	10.00	zrixyridufgqrycaxxjs
14	5	1	5	1	2019-09-27 00:43:45	10.00	mykrfbjmaozvgk
8	5	2	5	2	2019-09-27 00:43:45	10.00	kbkyiunnff
15	5	1	5	1	2019-09-27 00:43:45	10.00	ntaczbclbmccwtxy
16	5	1	5	1	2019-09-27 00:43:45	10.00	cpoemvssbu
9	5	2	5	2	2019-09-27 00:43:45	10.00	dwktdarvlwod
17	5	1	5	1	2019-09-27 00:43:45	10.00	qqsammikqyrjmhviqtq
10	5	2	5	2	2019-09-27 00:43:45	10.00	doqfxcortrfwifzbbxeoa
18	5	1	5	1	2019-09-27 00:43:45	10.00	kxcnadqzpcbnmcot
11	5	2	5	2	2019-09-27 00:43:45	10.00	rwddidialm
19	5	1	5	1	2019-09-27 00:43:45	10.00	bljsgygojrlp
12	5	2	5	2	2019-09-27 00:43:45	10.00	rejgzdgmhwxlizuuiy
20	5	1	5	1	2019-09-27 00:43:45	10.00	etlwumtrqzfkzrmlzl
13	5	2	5	2	2019-09-27 00:43:45	10.00	cciwtvogkdckep
21	5	1	5	1	2019-09-27 00:43:45	10.00	evwawwgwylyww
14	5	2	5	2	2019-09-27 00:43:45	10.00	vbnwamjydoidemfjstzwdkj
22	5	1	5	1	2019-09-27 00:43:45	10.00	ibvnakooawpwmwv
15	5	2	5	2	2019-09-27 00:43:45	10.00	bxbqiagebvxjbmahp
23	5	1	5	1	2019-09-27 00:43:45	10.00	rgrlbfasltylrn
16	5	2	5	2	2019-09-27 00:43:45	10.00	wudjivgllzxjnkeqmm
24	5	1	5	1	2019-09-27 00:43:45	10.00	fkwopjlctvhxgzsqvzmqpc
17	5	2	5	2	2019-09-27 00:43:45	10.00	ngvuqbfyo
25	5	1	5	1	2019-09-27 00:43:45	10.00	hdjqvrcnzsw
26	5	1	5	1	2019-09-27 00:43:45	10.00	wsjejqvcptxfmmhmanadro
18	5	2	5	2	2019-09-27 00:43:45	10.00	iwaolwsxdkctcxttggmywdc
27	5	1	5	1	2019-09-27 00:43:45	10.00	unltnumcnftabikrag
19	5	2	5	2	2019-09-27 00:43:45	10.00	yzjumktqgyq
28	5	1	5	1	2019-09-27 00:43:45	10.00	vpurslmnfhjtdyj
20	5	2	5	2	2019-09-27 00:43:45	10.00	meecnagfyivdxdtkn
21	5	2	5	2	2019-09-27 00:43:45	10.00	lbvcbjnvnj
29	5	1	5	1	2019-09-27 00:43:45	10.00	sxfobriawgvftavrzpej
22	5	2	5	2	2019-09-27 00:43:45	10.00	iggwitbyvtpoolzoqyllkoa
30	5	1	5	1	2019-09-27 00:43:45	10.00	czygffolisunwhuzzmgfogl
1	6	1	6	1	2019-09-27 00:43:45	10.00	ffbufgndjwiusuobns
23	5	2	5	2	2019-09-27 00:43:45	10.00	wrrvojzhldjxoe
2	6	1	6	1	2019-09-27 00:43:45	10.00	kquvwaaeppaejgpf
24	5	2	5	2	2019-09-27 00:43:45	10.00	hiwfiwwzpwetijjjz
3	6	1	6	1	2019-09-27 00:43:45	10.00	yzxufzwydbxuv
25	5	2	5	2	2019-09-27 00:43:45	10.00	eeveailwmonlkgcrujrsfg
4	6	1	6	1	2019-09-27 00:43:45	10.00	sqncgjmyy
26	5	2	5	2	2019-09-27 00:43:45	10.00	qsfamrkmxzovq
5	6	1	6	1	2019-09-27 00:43:45	10.00	ubaunpawctalujcmwu
27	5	2	5	2	2019-09-27 00:43:45	10.00	dtisouczzcknbbaiavl
6	6	1	6	1	2019-09-27 00:43:45	10.00	mmqarysjgewz
28	5	2	5	2	2019-09-27 00:43:45	10.00	vmtqxtrdw
7	6	1	6	1	2019-09-27 00:43:45	10.00	ywpxksaic
29	5	2	5	2	2019-09-27 00:43:45	10.00	rcrwelbpzhzfasim
8	6	1	6	1	2019-09-27 00:43:45	10.00	blwdfqamnpjpelkwerggfmu
30	5	2	5	2	2019-09-27 00:43:45	10.00	nzrcjrdyax
9	6	1	6	1	2019-09-27 00:43:45	10.00	amjgqtrmczztxmbkohzuzih
1	6	2	6	2	2019-09-27 00:43:45	10.00	kgahyadgizowike
10	6	1	6	1	2019-09-27 00:43:45	10.00	akcpexhvobekrhijxmsphv
2	6	2	6	2	2019-09-27 00:43:45	10.00	ucyqnbdujvgxiyuy
11	6	1	6	1	2019-09-27 00:43:45	10.00	sofauardwolmhgnr
3	6	2	6	2	2019-09-27 00:43:45	10.00	axmgfmdgspv
12	6	1	6	1	2019-09-27 00:43:45	10.00	adquzrkfhivzl
4	6	2	6	2	2019-09-27 00:43:45	10.00	oyyfkuazkimhincdon
13	6	1	6	1	2019-09-27 00:43:45	10.00	emjzhzhecrhudqtjbiow
5	6	2	6	2	2019-09-27 00:43:45	10.00	qqtefioqsh
14	6	1	6	1	2019-09-27 00:43:45	10.00	gazdhovftdjpxdg
6	6	2	6	2	2019-09-27 00:43:45	10.00	bspknpcqzwungozvwyl
15	6	1	6	1	2019-09-27 00:43:45	10.00	qjdeamloiaoumvaqfalbfb
7	6	2	6	2	2019-09-27 00:43:45	10.00	azlgqxydkittgtl
16	6	1	6	1	2019-09-27 00:43:45	10.00	hnyqewesxowdcngmciwdzo
8	6	2	6	2	2019-09-27 00:43:45	10.00	pjttdcecnofgqzapnbrkper
17	6	1	6	1	2019-09-27 00:43:45	10.00	fuggkvukibnvnoolchkwjl
9	6	2	6	2	2019-09-27 00:43:45	10.00	nilgnyxedswghclroyesbut
18	6	1	6	1	2019-09-27 00:43:45	10.00	zefhuaaadhwtywr
10	6	2	6	2	2019-09-27 00:43:45	10.00	amakzbqiflnda
19	6	1	6	1	2019-09-27 00:43:45	10.00	tukzepvjpcxizdqpanj
11	6	2	6	2	2019-09-27 00:43:45	10.00	tekjkcejulxoaitmxzmxcez
20	6	1	6	1	2019-09-27 00:43:45	10.00	gxvlcvhctkfqmncxtcwn
12	6	2	6	2	2019-09-27 00:43:45	10.00	ypzodbttl
21	6	1	6	1	2019-09-27 00:43:45	10.00	kopkrxnjzjwqhwy
13	6	2	6	2	2019-09-27 00:43:45	10.00	fdjvdlsijb
22	6	1	6	1	2019-09-27 00:43:45	10.00	hlvboxsmsteadviio
14	6	2	6	2	2019-09-27 00:43:45	10.00	ajlemgwqduetphiwcu
23	6	1	6	1	2019-09-27 00:43:45	10.00	dneibfuxcnnsskfeznpi
24	6	1	6	1	2019-09-27 00:43:45	10.00	rkksfobqaqeo
25	6	1	6	1	2019-09-27 00:43:45	10.00	nczpqtqktvubsepmq
15	6	2	6	2	2019-09-27 00:43:45	10.00	yhxjieplbdafou
26	6	1	6	1	2019-09-27 00:43:45	10.00	ggazkkthwbnsudhndya
27	6	1	6	1	2019-09-27 00:43:45	10.00	zfbzhoeyeuveywpelnf
16	6	2	6	2	2019-09-27 00:43:45	10.00	slkqdbmmwsjbiqtzfixhg
28	6	1	6	1	2019-09-27 00:43:45	10.00	xnxrupuqtvkq
17	6	2	6	2	2019-09-27 00:43:45	10.00	jsjebysgglp
29	6	1	6	1	2019-09-27 00:43:45	10.00	xzyjoglcctdv
30	6	1	6	1	2019-09-27 00:43:45	10.00	xcuonlccrgk
18	6	2	6	2	2019-09-27 00:43:45	10.00	mqgcjyqcchdctboalrzb
1	7	1	7	1	2019-09-27 00:43:45	10.00	qvfplvcpys
2	7	1	7	1	2019-09-27 00:43:45	10.00	ocoeicubcwejj
19	6	2	6	2	2019-09-27 00:43:45	10.00	buzhuyynzmjeqmb
3	7	1	7	1	2019-09-27 00:43:45	10.00	ixrkiyuexlzegyfzeubgl
20	6	2	6	2	2019-09-27 00:43:45	10.00	pagimgevntmfzmdojcbegsn
4	7	1	7	1	2019-09-27 00:43:45	10.00	uciipexmfhyluee
21	6	2	6	2	2019-09-27 00:43:45	10.00	kehthkptadqciqpny
5	7	1	7	1	2019-09-27 00:43:45	10.00	rzkwhbgaf
22	6	2	6	2	2019-09-27 00:43:45	10.00	menyjsphgc
6	7	1	7	1	2019-09-27 00:43:45	10.00	gabhayflusfoctiiwoensnc
23	6	2	6	2	2019-09-27 00:43:45	10.00	zcqynalnxx
7	7	1	7	1	2019-09-27 00:43:45	10.00	zizjtwovuszjxav
24	6	2	6	2	2019-09-27 00:43:45	10.00	vzjeoycabky
8	7	1	7	1	2019-09-27 00:43:45	10.00	ayctkjfheg
9	7	1	7	1	2019-09-27 00:43:45	10.00	cmtersqdmxja
25	6	2	6	2	2019-09-27 00:43:45	10.00	ruyxhzewvwxnovkkb
10	7	1	7	1	2019-09-27 00:43:45	10.00	sctpwpqoxz
26	6	2	6	2	2019-09-27 00:43:45	10.00	dcsaatitrxv
11	7	1	7	1	2019-09-27 00:43:45	10.00	gunafiivjwtwmszwoh
27	6	2	6	2	2019-09-27 00:43:45	10.00	pfasdkxzbmpekixx
12	7	1	7	1	2019-09-27 00:43:45	10.00	bgixuvdrrrtjr
28	6	2	6	2	2019-09-27 00:43:45	10.00	hbwwstbikcbwxms
13	7	1	7	1	2019-09-27 00:43:45	10.00	gckmjlemngqguphpzt
29	6	2	6	2	2019-09-27 00:43:45	10.00	benaqogjk
14	7	1	7	1	2019-09-27 00:43:45	10.00	eofrvdxwxaghkouxawdtc
30	6	2	6	2	2019-09-27 00:43:45	10.00	ouyllbjtzpcfmkectbvx
15	7	1	7	1	2019-09-27 00:43:45	10.00	vkvhaaqucqbhbkr
1	7	2	7	2	2019-09-27 00:43:45	10.00	ahnzjcrdzi
16	7	1	7	1	2019-09-27 00:43:45	10.00	srndfxlyqibci
2	7	2	7	2	2019-09-27 00:43:45	10.00	qnptvwlialcn
17	7	1	7	1	2019-09-27 00:43:45	10.00	ojywbctlz
3	7	2	7	2	2019-09-27 00:43:45	10.00	mzdbkyjpheliyct
18	7	1	7	1	2019-09-27 00:43:45	10.00	jyxaefpxchr
4	7	2	7	2	2019-09-27 00:43:45	10.00	ejdfsgquzgupour
19	7	1	7	1	2019-09-27 00:43:45	10.00	pmkmabnfn
5	7	2	7	2	2019-09-27 00:43:45	10.00	ppucfjrlzyq
20	7	1	7	1	2019-09-27 00:43:45	10.00	funsthuicdfel
6	7	2	7	2	2019-09-27 00:43:45	10.00	wnenjaokxbx
21	7	1	7	1	2019-09-27 00:43:45	10.00	entzfcqxggbgtcdfzhklj
7	7	2	7	2	2019-09-27 00:43:45	10.00	ebrygpgbirebjozpau
22	7	1	7	1	2019-09-27 00:43:45	10.00	muvvifibzdtyyejp
8	7	2	7	2	2019-09-27 00:43:45	10.00	uquzcjukrqiiylbxulevkyx
9	7	2	7	2	2019-09-27 00:43:45	10.00	ylgproybkfee
23	7	1	7	1	2019-09-27 00:43:45	10.00	abqjeznpdsbrvsrobmmg
10	7	2	7	2	2019-09-27 00:43:45	10.00	ikaltalvdv
24	7	1	7	1	2019-09-27 00:43:45	10.00	kvyreplfntnvewlzzmfjziu
11	7	2	7	2	2019-09-27 00:43:45	10.00	leocjkrqeauyodrdschamut
25	7	1	7	1	2019-09-27 00:43:45	10.00	ipozfxrqisnvxnyfdxtvu
12	7	2	7	2	2019-09-27 00:43:45	10.00	nyjvpqpolxz
26	7	1	7	1	2019-09-27 00:43:45	10.00	hqfnvfnwuyy
13	7	2	7	2	2019-09-27 00:43:45	10.00	yiukoejtvvcjcd
27	7	1	7	1	2019-09-27 00:43:45	10.00	aejmdhesyg
14	7	2	7	2	2019-09-27 00:43:45	10.00	imiezzlxcvqulxawm
28	7	1	7	1	2019-09-27 00:43:45	10.00	ayjuruumiyfrfva
15	7	2	7	2	2019-09-27 00:43:45	10.00	kqgehjxgengcrqziuehyyqt
29	7	1	7	1	2019-09-27 00:43:45	10.00	ewankxzxxi
16	7	2	7	2	2019-09-27 00:43:45	10.00	bdppjtdkj
30	7	1	7	1	2019-09-27 00:43:45	10.00	pejitpjvsfuyplizln
17	7	2	7	2	2019-09-27 00:43:45	10.00	blmclronidawzpu
1	8	1	8	1	2019-09-27 00:43:45	10.00	zuhvafrxuddhv
18	7	2	7	2	2019-09-27 00:43:45	10.00	mytchszpfoemdf
2	8	1	8	1	2019-09-27 00:43:45	10.00	lrekilxcqnmfnrcgvtc
19	7	2	7	2	2019-09-27 00:43:45	10.00	dgbmyulmt
3	8	1	8	1	2019-09-27 00:43:45	10.00	klltxisoo
20	7	2	7	2	2019-09-27 00:43:45	10.00	dwecirqxcy
4	8	1	8	1	2019-09-27 00:43:45	10.00	fmkpnghcsyt
21	7	2	7	2	2019-09-27 00:43:45	10.00	syqcqguwesrxs
5	8	1	8	1	2019-09-27 00:43:45	10.00	rvvzpkqmrlbdsd
22	7	2	7	2	2019-09-27 00:43:45	10.00	albjonlubfmryodftkp
6	8	1	8	1	2019-09-27 00:43:45	10.00	tnpxkyxnn
23	7	2	7	2	2019-09-27 00:43:45	10.00	jjuevusqzhpmmiah
7	8	1	8	1	2019-09-27 00:43:45	10.00	xgotxblwjjpzkrwlbkq
24	7	2	7	2	2019-09-27 00:43:45	10.00	eqdyoqgafzvnxsvpuj
8	8	1	8	1	2019-09-27 00:43:45	10.00	tduzyxqmeldivfnauycckp
25	7	2	7	2	2019-09-27 00:43:45	10.00	qztxvzmzhijvaerinzbmoma
9	8	1	8	1	2019-09-27 00:43:45	10.00	sfbdvzrvnipwzlgkx
26	7	2	7	2	2019-09-27 00:43:45	10.00	nnzugonxukslkdgrgwcwqpu
10	8	1	8	1	2019-09-27 00:43:45	10.00	bpgmhvukt
27	7	2	7	2	2019-09-27 00:43:45	10.00	tubuakwpeybms
11	8	1	8	1	2019-09-27 00:43:45	10.00	hjblnsjrwykqwxpejcspo
28	7	2	7	2	2019-09-27 00:43:45	10.00	msrivlcnigtswnmfqx
12	8	1	8	1	2019-09-27 00:43:45	10.00	paznxkifmwpydzawoxnbm
29	7	2	7	2	2019-09-27 00:43:45	10.00	kpcnvwaalymgzsyckaf
13	8	1	8	1	2019-09-27 00:43:45	10.00	tzhalryaieod
14	8	1	8	1	2019-09-27 00:43:45	10.00	kplrlulhwldvgvhizdzj
30	7	2	7	2	2019-09-27 00:43:45	10.00	xabokhvjytbt
15	8	1	8	1	2019-09-27 00:43:45	10.00	kkmvcevps
1	8	2	8	2	2019-09-27 00:43:45	10.00	qqaikjowsjp
16	8	1	8	1	2019-09-27 00:43:45	10.00	csduwtggahlhniraxxjqk
2	8	2	8	2	2019-09-27 00:43:45	10.00	jsbjsewhwyzgdegtmuumxuo
17	8	1	8	1	2019-09-27 00:43:45	10.00	zzkokpgijbfwvektktz
3	8	2	8	2	2019-09-27 00:43:45	10.00	yxakyeoooqxxgtfsj
18	8	1	8	1	2019-09-27 00:43:45	10.00	nayoicnnrzhvorsgmhrtsj
4	8	2	8	2	2019-09-27 00:43:45	10.00	uynlihdbnrzzv
19	8	1	8	1	2019-09-27 00:43:45	10.00	zwrxnjqkcajbestkvdnso
5	8	2	8	2	2019-09-27 00:43:45	10.00	rudtnrzryyttbdzebtqdlik
20	8	1	8	1	2019-09-27 00:43:45	10.00	emsocxyqqmfskn
6	8	2	8	2	2019-09-27 00:43:45	10.00	hxwzbfuldmu
21	8	1	8	1	2019-09-27 00:43:45	10.00	yraryshunsisetwiwb
7	8	2	8	2	2019-09-27 00:43:45	10.00	iyoeidygsjpuadmubb
22	8	1	8	1	2019-09-27 00:43:45	10.00	tcwophxaxvuywbgdmyq
8	8	2	8	2	2019-09-27 00:43:45	10.00	znkuqkrcy
9	8	2	8	2	2019-09-27 00:43:45	10.00	egofddwited
23	8	1	8	1	2019-09-27 00:43:45	10.00	qdbvmlucpqovhwfjvnnwb
10	8	2	8	2	2019-09-27 00:43:45	10.00	grstveioe
24	8	1	8	1	2019-09-27 00:43:45	10.00	hxezzfvtatunaczeyzc
11	8	2	8	2	2019-09-27 00:43:45	10.00	uevbwfaphvwofvpubw
25	8	1	8	1	2019-09-27 00:43:45	10.00	lyxlgysjwxdgewfxcqitbkv
12	8	2	8	2	2019-09-27 00:43:45	10.00	sgelsuoqzpvmonkjcmdai
26	8	1	8	1	2019-09-27 00:43:45	10.00	lnfttmifyiyrpyjqhp
13	8	2	8	2	2019-09-27 00:43:45	10.00	olxhlgqxaifkanpcxa
27	8	1	8	1	2019-09-27 00:43:45	10.00	qnulrpmjtateleivyksnbam
14	8	2	8	2	2019-09-27 00:43:45	10.00	juzmsissxrl
28	8	1	8	1	2019-09-27 00:43:45	10.00	iknhztjyooskhzmpyebnnac
15	8	2	8	2	2019-09-27 00:43:45	10.00	ekoxynavowuvawvvu
16	8	2	8	2	2019-09-27 00:43:45	10.00	leouevqqyjmwno
29	8	1	8	1	2019-09-27 00:43:45	10.00	yunetaamzoqimwinzgutvqi
30	8	1	8	1	2019-09-27 00:43:45	10.00	kzsrqzefvudziuftbsb
17	8	2	8	2	2019-09-27 00:43:45	10.00	eeqtldwsqs
1	9	1	9	1	2019-09-27 00:43:45	10.00	jhbybxihvbqunmvtvfmggpm
18	8	2	8	2	2019-09-27 00:43:45	10.00	mnbpxnnxzizvs
2	9	1	9	1	2019-09-27 00:43:45	10.00	fkanydogihvqkofk
19	8	2	8	2	2019-09-27 00:43:45	10.00	iufxidydsnurtpyoxxo
3	9	1	9	1	2019-09-27 00:43:45	10.00	xbtxjmwaruh
20	8	2	8	2	2019-09-27 00:43:45	10.00	ufpoukvftlkexadq
4	9	1	9	1	2019-09-27 00:43:45	10.00	saqwjdmvcyvjcbssdgtltnv
21	8	2	8	2	2019-09-27 00:43:45	10.00	mzpbnushoizlgkqrytaspg
5	9	1	9	1	2019-09-27 00:43:45	10.00	ozmndmzramohhbfhst
22	8	2	8	2	2019-09-27 00:43:45	10.00	azzlrignajyo
6	9	1	9	1	2019-09-27 00:43:45	10.00	dstkoqvgvxiscp
23	8	2	8	2	2019-09-27 00:43:45	10.00	tbhmtxfwtnnpjpxxg
7	9	1	9	1	2019-09-27 00:43:45	10.00	njtdqszfd
24	8	2	8	2	2019-09-27 00:43:45	10.00	sxsmjhbeuhkgr
25	8	2	8	2	2019-09-27 00:43:45	10.00	xtyypzomifserbjebel
8	9	1	9	1	2019-09-27 00:43:45	10.00	cprmwplhtskayclakz
9	9	1	9	1	2019-09-27 00:43:45	10.00	pskjkuntwfhk
26	8	2	8	2	2019-09-27 00:43:45	10.00	httverzqdcvvrgb
10	9	1	9	1	2019-09-27 00:43:45	10.00	kmiojbziythlasswhb
27	8	2	8	2	2019-09-27 00:43:45	10.00	azbfnlvfczwosupwyzslos
11	9	1	9	1	2019-09-27 00:43:45	10.00	jpymlnxknjnmizhmdx
28	8	2	8	2	2019-09-27 00:43:45	10.00	vsgyoxolu
29	8	2	8	2	2019-09-27 00:43:45	10.00	vzvukfxocrwbxmsoqvcvd
12	9	1	9	1	2019-09-27 00:43:45	10.00	mvorwepds
30	8	2	8	2	2019-09-27 00:43:45	10.00	koqulunerueyjbxwmh
13	9	1	9	1	2019-09-27 00:43:45	10.00	axddtghcnkiqtm
1	9	2	9	2	2019-09-27 00:43:45	10.00	cjszezckspexeatalgbxuj
14	9	1	9	1	2019-09-27 00:43:45	10.00	aomrpwufxqvnprcqhvg
15	9	1	9	1	2019-09-27 00:43:45	10.00	nitwlqifjnnxfrfqkgtq
2	9	2	9	2	2019-09-27 00:43:45	10.00	ualzxaqnyajdbdefpzcfarr
3	9	2	9	2	2019-09-27 00:43:45	10.00	mmtozlajbrkknnpzhrbdggb
16	9	1	9	1	2019-09-27 00:43:45	10.00	emrvbfcfe
17	9	1	9	1	2019-09-27 00:43:45	10.00	noxrgklwvqmcbrkwrrarg
4	9	2	9	2	2019-09-27 00:43:45	10.00	agoishhycvilbznbgfc
18	9	1	9	1	2019-09-27 00:43:45	10.00	kpeqigpzitnklxykzibsxe
5	9	2	9	2	2019-09-27 00:43:45	10.00	vmuafeoduuuraww
19	9	1	9	1	2019-09-27 00:43:45	10.00	sapslmksmfzmunkhiiiic
6	9	2	9	2	2019-09-27 00:43:45	10.00	uzsgsbgpldzbtuqutwdlt
20	9	1	9	1	2019-09-27 00:43:45	10.00	bzciozdmppysaubavj
7	9	2	9	2	2019-09-27 00:43:45	10.00	rnnxayrlcylfqb
21	9	1	9	1	2019-09-27 00:43:45	10.00	btfxzkhadaaffuyd
8	9	2	9	2	2019-09-27 00:43:45	10.00	fzztginavjgfjxwjujqdra
22	9	1	9	1	2019-09-27 00:43:45	10.00	rixhqfbtrjcnrhzvzv
9	9	2	9	2	2019-09-27 00:43:45	10.00	kpnoreqkskqxqvifpbrasn
23	9	1	9	1	2019-09-27 00:43:45	10.00	lyepmpuxdxzutgbftb
10	9	2	9	2	2019-09-27 00:43:45	10.00	lycxgvrssnmdfokn
24	9	1	9	1	2019-09-27 00:43:45	10.00	sdvxqiezjfvaf
11	9	2	9	2	2019-09-27 00:43:45	10.00	wcvatginfqcjmhkxk
25	9	1	9	1	2019-09-27 00:43:45	10.00	sdibjhfjhtlypxyk
12	9	2	9	2	2019-09-27 00:43:45	10.00	bpanilpmorvfjsw
26	9	1	9	1	2019-09-27 00:43:45	10.00	ldmkxcdofhhvayc
13	9	2	9	2	2019-09-27 00:43:45	10.00	ppsgvifwvputxhbdzyqcp
27	9	1	9	1	2019-09-27 00:43:45	10.00	yvvkyvryaybdakttsve
28	9	1	9	1	2019-09-27 00:43:45	10.00	ezvkncuatxxgktykfqrml
14	9	2	9	2	2019-09-27 00:43:45	10.00	orxonpoqwwoovmozesd
29	9	1	9	1	2019-09-27 00:43:45	10.00	zjemjsydqw
15	9	2	9	2	2019-09-27 00:43:45	10.00	tzxrcummsbsqwbsjj
30	9	1	9	1	2019-09-27 00:43:45	10.00	xlyhkvqqydlqagxo
16	9	2	9	2	2019-09-27 00:43:45	10.00	pafprkldarylerwzfnm
1	10	1	10	1	2019-09-27 00:43:45	10.00	vpfccglianthsfuwgq
17	9	2	9	2	2019-09-27 00:43:45	10.00	xglndacrmyfffwnlprfjf
18	9	2	9	2	2019-09-27 00:43:45	10.00	exumyugbupwhwlpmp
2	10	1	10	1	2019-09-27 00:43:45	10.00	nudshjtkoglky
3	10	1	10	1	2019-09-27 00:43:45	10.00	vnkyzibyvbfe
19	9	2	9	2	2019-09-27 00:43:45	10.00	bodhrpqydkyevhcegnb
4	10	1	10	1	2019-09-27 00:43:45	10.00	ftiioexzttrlqnnkkrwjs
20	9	2	9	2	2019-09-27 00:43:45	10.00	tenudqlrixaekochmpy
5	10	1	10	1	2019-09-27 00:43:45	10.00	gsdtwndthhmhuplpojf
21	9	2	9	2	2019-09-27 00:43:45	10.00	avojuchxgrblquinvthh
6	10	1	10	1	2019-09-27 00:43:45	10.00	alzexijspjapjmjn
22	9	2	9	2	2019-09-27 00:43:45	10.00	kckzyuugzafol
7	10	1	10	1	2019-09-27 00:43:45	10.00	ectekjjjmwhknrkwlgllp
23	9	2	9	2	2019-09-27 00:43:45	10.00	ikbefoagtwajmuy
8	10	1	10	1	2019-09-27 00:43:45	10.00	txuegfnagqnxf
24	9	2	9	2	2019-09-27 00:43:45	10.00	ymykbanqlkthceoukhjp
9	10	1	10	1	2019-09-27 00:43:45	10.00	yaoylafdwdhvm
25	9	2	9	2	2019-09-27 00:43:45	10.00	rhodwcojnuoteigkoygj
10	10	1	10	1	2019-09-27 00:43:45	10.00	hhryrpcbvqvqzetmhle
26	9	2	9	2	2019-09-27 00:43:45	10.00	hxrhllvuxxswump
11	10	1	10	1	2019-09-27 00:43:45	10.00	bpffuxynbzyokelywyjms
27	9	2	9	2	2019-09-27 00:43:45	10.00	qppbuvmaxqwdcl
12	10	1	10	1	2019-09-27 00:43:45	10.00	xdkugovosfknczzkpjxplii
28	9	2	9	2	2019-09-27 00:43:45	10.00	quchshwzvxcgxdcge
13	10	1	10	1	2019-09-27 00:43:45	10.00	aljowobwp
29	9	2	9	2	2019-09-27 00:43:45	10.00	ceibpyttcdxbpbjftwqka
14	10	1	10	1	2019-09-27 00:43:45	10.00	wbihizfpzjrdshokkgrruc
30	9	2	9	2	2019-09-27 00:43:45	10.00	naikwpmskfzjcbsj
15	10	1	10	1	2019-09-27 00:43:45	10.00	mdpzpthaaafumzz
16	10	1	10	1	2019-09-27 00:43:45	10.00	wclbegnnpr
1	10	2	10	2	2019-09-27 00:43:45	10.00	jmbetangbga
2	10	2	10	2	2019-09-27 00:43:45	10.00	ioducjupdpymffnonxwcl
17	10	1	10	1	2019-09-27 00:43:45	10.00	wcgsifpvjbaxjsvhjfmnsj
3	10	2	10	2	2019-09-27 00:43:45	10.00	edbletqgqyt
18	10	1	10	1	2019-09-27 00:43:45	10.00	rlqevqnvm
4	10	2	10	2	2019-09-27 00:43:45	10.00	daonarupylpup
19	10	1	10	1	2019-09-27 00:43:45	10.00	xtnchdsugsbu
5	10	2	10	2	2019-09-27 00:43:45	10.00	pkktgeqmxtvafcxi
20	10	1	10	1	2019-09-27 00:43:45	10.00	jsimheyuswkjatowvu
6	10	2	10	2	2019-09-27 00:43:45	10.00	opvovhhuazqfubpopjoqktn
21	10	1	10	1	2019-09-27 00:43:45	10.00	cmybvvqwrpdmhtp
22	10	1	10	1	2019-09-27 00:43:45	10.00	dsvjgabfygyyjullootyfqt
7	10	2	10	2	2019-09-27 00:43:45	10.00	ncivedtwihntvixlzqjkvd
23	10	1	10	1	2019-09-27 00:43:45	10.00	mljrfwcbgwtuob
8	10	2	10	2	2019-09-27 00:43:45	10.00	fnlnlzpukfxjgfpcb
24	10	1	10	1	2019-09-27 00:43:45	10.00	kvzxjculyxytvvoife
9	10	2	10	2	2019-09-27 00:43:45	10.00	yunfsdslbxw
25	10	1	10	1	2019-09-27 00:43:45	10.00	wcnwehxsuqjia
10	10	2	10	2	2019-09-27 00:43:45	10.00	dptsehttngxrshpuycusftv
26	10	1	10	1	2019-09-27 00:43:45	10.00	onhwmwoqqiuaitqqjzzg
11	10	2	10	2	2019-09-27 00:43:45	10.00	jrpztdiradol
27	10	1	10	1	2019-09-27 00:43:45	10.00	ybaeimzdlvghacsbmy
12	10	2	10	2	2019-09-27 00:43:45	10.00	efdfxkammictkdnbqirwi
28	10	1	10	1	2019-09-27 00:43:45	10.00	iejgixbzqomaauwdvf
13	10	2	10	2	2019-09-27 00:43:45	10.00	bfixkfeexikbaqfsx
29	10	1	10	1	2019-09-27 00:43:45	10.00	skiguogodskimxvavye
14	10	2	10	2	2019-09-27 00:43:45	10.00	xykclrmxhwrcxhk
30	10	1	10	1	2019-09-27 00:43:45	10.00	uodukmuihqprsjfh
15	10	2	10	2	2019-09-27 00:43:45	10.00	cqtagefqzoqnrbs
16	10	2	10	2	2019-09-27 00:43:45	10.00	wdgekzwteudoslbsdg
17	10	2	10	2	2019-09-27 00:43:45	10.00	nrthyvilanrvuehyqtnw
18	10	2	10	2	2019-09-27 00:43:45	10.00	uwywzpqrd
19	10	2	10	2	2019-09-27 00:43:45	10.00	wphecofyyocgc
20	10	2	10	2	2019-09-27 00:43:45	10.00	wrsneuqauhziwqpmnspcvgf
21	10	2	10	2	2019-09-27 00:43:45	10.00	xvyigblzfd
22	10	2	10	2	2019-09-27 00:43:45	10.00	bljlfbxjbt
23	10	2	10	2	2019-09-27 00:43:45	10.00	sxjuobwxg
24	10	2	10	2	2019-09-27 00:43:45	10.00	epenpbnhdycsn
25	10	2	10	2	2019-09-27 00:43:45	10.00	xzlkefgungpsgqot
26	10	2	10	2	2019-09-27 00:43:45	10.00	clpdgmgblqnyiggajrtq
27	10	2	10	2	2019-09-27 00:43:45	10.00	qxmbowbzjm
28	10	2	10	2	2019-09-27 00:43:45	10.00	xjephhbweida
29	10	2	10	2	2019-09-27 00:43:45	10.00	gvfpwsbkoq
30	10	2	10	2	2019-09-27 00:43:45	10.00	raqzmfyousbfxlpwhdg
